Dex_Number,Name,Type,Total,HP,Attack,Defense,Sp_Atk,Sp_Def,Speed,Generation
3,Venusaur,Grass  Poison,525,80,82,83,100,100,80,1
6,Charizard,Fire  Flying,534,78,84,78,109,85,100,1
9,Blastoise,Water,530,79,83,100,85,105,78,1
12,Butterfree,Bug  Flying,395,60,45,50,90,80,70,1
15,Beedrill,Bug  Poison,395,65,90,40,45,80,75,1
18,Pidgeot,Normal  Flying,479,83,80,75,70,70,101,1
20,Raticate,Normal,413,55,81,60,50,70,97,1
20,Raticate  Alolan Raticate,Dark  Normal,413,75,71,70,40,80,77,1
22,Fearow,Normal  Flying,442,65,90,65,61,61,100,1
24,Arbok,Poison,448,60,95,69,65,79,80,1
25,Pikachu,Electric,320,35,55,40,50,50,90,1
26,Raichu,Electric,485,60,90,55,90,80,110,1
26,Raichu  Alolan Raichu,Electric  Psychic,485,60,85,50,95,85,110,1
28,Sandslash,Ground,450,75,100,110,45,55,65,1
28,Sandslash  Alolan Sandslash,Ice  Steel,450,75,100,120,25,65,65,1
31,Nidoqueen,Poison  Ground,505,90,92,87,75,85,76,1
34,Nidoking,Poison  Ground,505,81,102,77,85,75,85,1
36,Clefable,Fairy,483,95,70,73,95,90,60,1
38,Ninetales,Fire,505,73,76,75,81,100,100,1
38,Ninetales  Alolan Ninetales,Ice  Fairy,505,73,67,75,81,100,109,1
40,Wigglytuff,Normal  Fairy,435,140,70,45,85,50,45,1
45,Vileplume,Grass  Poison,490,75,80,85,110,90,50,1
47,Parasect,Bug  Grass,405,60,95,80,60,80,30,1
49,Venomoth,Bug  Poison,450,70,65,60,90,75,90,1
51,Dugtrio,Ground,425,35,100,50,50,70,120,1
51,Dugtrio  Alolan Dugtrio,Ground  Steel,425,35,100,60,50,70,110,1
53,Persian,Normal,440,65,70,60,65,65,115,1
53,Persian  Alolan Persian,Dark,440,65,60,60,75,65,115,1
55,Golduck,Water,500,80,82,78,95,80,85,1
59,Arcanine,Fire,555,90,110,80,100,80,95,1
59,Arcanine  Hisuian Arcanine,Fire  Rock,555,95,115,80,95,80,90,1
62,Poliwrath,Water  Fighting,510,90,95,95,70,90,70,1
65,Alakazam,Psychic,500,55,50,45,135,95,120,1
68,Machamp,Fighting,505,90,130,80,65,85,55,1
71,Victreebel,Grass  Poison,490,80,105,65,100,70,70,1
73,Tentacruel,Water  Poison,515,80,70,65,80,120,100,1
76,Golem,Rock  Ground,495,80,120,130,55,65,45,1
76,Golem  Alolan Golem,Rock  Electric,495,80,120,130,55,65,45,1
78,Rapidash,Fire,500,65,100,70,80,80,105,1
78,Rapidash  Galarian Rapidash,Psychic  Fairy,500,65,100,70,80,80,105,1
80,Slowbro,Water  Psychic,490,95,75,110,100,80,30,1
80,Slowbro  Galarian Slowbro,Poison  Psychic,490,95,100,95,100,70,30,1
83,Farfetch'd,Normal  Flying,377,52,90,55,58,62,60,1
83,Farfetch'd  Galarian Farfetch'd,Fighting,377,52,95,55,58,62,55,1
85,Dodrio,Normal  Flying,470,60,110,70,60,60,110,1
87,Dewgong,Water  Ice,475,90,70,80,70,95,70,1
89,Muk,Poison,500,105,105,75,65,100,50,1
89,Muk  Alolan Muk,Poison  Dark,500,105,105,75,65,100,50,1
91,Cloyster,Water  Ice,525,50,95,180,85,45,70,1
94,Gengar,Ghost  Poison,500,60,65,60,130,75,110,1
97,Hypno,Psychic,483,85,73,70,73,115,67,1
99,Kingler,Water,475,55,130,115,50,50,75,1
101,Electrode,Electric,490,60,50,70,80,80,150,1
101,Electrode  Hisuian Electrode,Electric  Grass,490,60,50,70,80,80,150,1
103,Exeggutor,Grass  Psychic,530,95,95,85,125,75,55,1
103,Exeggutor  Alolan Exeggutor,Grass  Dragon,530,95,105,85,125,75,45,1
105,Marowak,Ground,425,60,80,110,50,80,45,1
105,Marowak  Alolan Marowak,Fire  Ghost,425,60,80,110,50,80,45,1
106,Hitmonlee,Fighting,455,50,120,53,35,110,87,1
107,Hitmonchan,Fighting,455,50,105,79,35,110,76,1
110,Weezing,Poison,490,65,90,120,85,70,60,1
110,Weezing  Galarian Weezing,Poison  Fairy,490,65,90,120,85,70,60,1
115,Kangaskhan,Normal,490,105,95,80,40,80,90,1
119,Seaking,Water,450,80,92,65,65,80,68,1
121,Starmie,Water  Psychic,520,60,75,85,100,85,115,1
122,Mr. Mime,Psychic  Fairy,460,40,45,65,100,120,90,1
122,Mr. Mime  Galarian Mr. Mime,Ice  Psychic,460,50,65,65,90,90,100,1
124,Jynx,Ice  Psychic,455,65,50,35,115,95,95,1
127,Pinsir,Bug,500,65,125,100,55,70,85,1
128,Tauros,Normal,490,75,100,95,40,70,110,1
128,Tauros  Combat Breed,Fighting,490,75,110,105,30,70,100,1
128,Tauros  Blaze Breed,Fighting  Fire,490,75,110,105,30,70,100,1
128,Tauros  Aqua Breed,Fighting  Water,490,75,110,105,30,70,100,1
130,Gyarados,Water  Flying,540,95,125,79,60,100,81,1
131,Lapras,Water  Ice,535,130,85,80,85,95,60,1
132,Ditto,Normal,288,48,48,48,48,48,48,1
133,Eevee,Normal,325,55,55,50,45,65,55,1
134,Vaporeon,Water,525,130,65,60,110,95,65,1
135,Jolteon,Electric,525,65,65,60,110,95,130,1
136,Flareon,Fire,525,65,130,60,95,110,65,1
139,Omastar,Rock  Water,495,70,60,125,115,70,55,1
141,Kabutops,Rock  Water,495,60,115,105,65,70,80,1
142,Aerodactyl,Rock  Flying,515,80,105,65,60,75,130,1
143,Snorlax,Normal,540,160,110,65,65,110,30,1
144,Articuno,Ice  Flying,580,90,85,100,95,125,85,1
144,Articuno  Galarian Articuno,Psychic  Flying,580,90,85,85,125,100,95,1
145,Zapdos,Electric  Flying,580,90,90,85,125,90,100,1
145,Zapdos  Galarian Zapdos,Fighting  Flying,580,90,125,90,85,90,100,1
146,Moltres,Fire  Flying,580,90,100,90,125,85,90,1
146,Moltres  Galarian Moltres,Dark  Flying,580,90,85,90,100,125,90,1
149,Dragonite,Dragon  Flying,600,91,134,95,100,100,80,1
150,Mewtwo,Psychic,680,106,110,90,154,90,130,1
151,Mew,Psychic,600,100,100,100,100,100,100,1
154,Meganium,Grass,525,80,82,100,83,100,80,2
157,Typhlosion,Fire,534,78,84,78,109,85,100,2
157,Typhlosion  Hisuian Typhlosion,Fire  Ghost,534,73,84,78,119,85,95,2
160,Feraligatr,Water,530,85,105,100,79,83,78,2
162,Furret,Normal,415,85,76,64,45,55,90,2
164,Noctowl,Normal  Flying,452,100,50,50,86,96,70,2
166,Ledian,Bug  Flying,390,55,35,50,55,110,85,2
168,Ariados,Bug  Poison,400,70,90,70,60,70,40,2
169,Crobat,Poison  Flying,535,85,90,80,70,80,130,2
171,Lanturn,Water  Electric,460,125,58,58,76,76,67,2
178,Xatu,Psychic  Flying,470,65,75,70,95,70,95,2
181,Ampharos,Electric,510,90,75,85,115,90,55,2
182,Bellossom,Grass,490,75,80,95,90,100,50,2
184,Azumarill,Water  Fairy,420,100,50,80,60,80,50,2
185,Sudowoodo,Rock,410,70,100,115,30,65,30,2
186,Politoed,Water,500,90,75,75,90,100,70,2
189,Jumpluff,Grass  Flying,460,75,55,70,55,95,110,2
192,Sunflora,Grass,425,75,75,55,105,85,30,2
195,Quagsire,Water  Ground,430,95,85,85,65,65,35,2
196,Espeon,Psychic,525,65,65,60,130,95,110,2
197,Umbreon,Dark,525,95,65,110,60,130,65,2
199,Slowking,Water  Psychic,490,95,75,80,100,110,30,2
199,Slowking  Galarian Slowking,Poison  Psychic,490,95,65,80,110,110,30,2
201,Unown,Psychic,336,48,72,48,72,48,48,2
202,Wobbuffet,Psychic,405,190,33,58,33,58,33,2
205,Forretress,Bug  Steel,465,75,90,140,60,60,40,2
208,Steelix,Steel  Ground,510,75,85,200,55,65,30,2
210,Granbull,Fairy,450,90,120,75,60,60,45,2
211,Qwilfish,Water  Poison,440,65,95,85,55,55,85,2
211,Qwilfish  Hisuian Qwilfish,Dark  Poison,440,65,95,85,55,55,85,2
212,Scizor,Bug  Steel,500,70,130,100,55,80,65,2
213,Shuckle,Bug  Rock,505,20,10,230,10,230,5,2
214,Heracross,Bug  Fighting,500,80,125,75,40,95,85,2
219,Magcargo,Fire  Rock,430,60,50,120,90,80,30,2
222,Corsola,Water  Rock,410,65,55,95,65,95,35,2
222,Corsola  Galarian Corsola,Ghost,410,60,55,100,65,100,30,2
224,Octillery,Water,480,75,105,75,105,75,45,2
225,Delibird,Ice  Flying,330,45,55,45,65,45,75,2
226,Mantine,Water  Flying,485,85,40,70,80,140,70,2
227,Skarmory,Steel  Flying,465,65,80,140,40,70,70,2
229,Houndoom,Dark  Fire,500,75,90,50,110,80,95,2
230,Kingdra,Water  Dragon,540,75,95,95,95,95,85,2
232,Donphan,Ground,500,90,120,120,60,60,50,2
235,Smeargle,Normal,250,55,20,35,20,45,75,2
237,Hitmontop,Fighting,455,50,95,95,35,110,70,2
241,Miltank,Normal,490,95,80,105,40,70,100,2
242,Blissey,Normal,540,255,10,10,75,135,55,2
243,Raikou,Electric,580,90,85,75,115,100,115,2
244,Entei,Fire,580,115,115,85,90,75,100,2
245,Suicune,Water,580,100,75,115,90,115,85,2
248,Tyranitar,Rock  Dark,600,100,134,110,95,100,61,2
249,Lugia,Psychic  Flying,680,106,90,130,90,154,110,2
250,Ho-oh,Fire  Flying,680,106,130,90,110,154,90,2
251,Celebi,Psychic  Grass,600,100,100,100,100,100,100,2
254,Sceptile,Grass,530,70,85,65,105,85,120,3
257,Blaziken,Fire  Fighting,530,80,120,70,110,70,80,3
260,Swampert,Water  Ground,535,100,110,90,85,90,60,3
262,Mightyena,Dark,420,70,90,70,60,60,70,3
264,Linoone,Normal,420,78,70,61,50,61,100,3
264,Linoone  Galarian Linoone,Dark  Normal,420,78,70,61,50,61,100,3
267,Beautifly,Bug  Flying,395,60,70,50,100,50,65,3
269,Dustox,Bug  Poison,385,60,50,70,50,90,65,3
272,Ludicolo,Water  Grass,480,80,70,70,90,100,70,3
275,Shiftry,Grass  Dark,480,90,100,60,90,60,80,3
277,Swellow,Normal  Flying,455,60,85,60,75,50,125,3
279,Pelipper,Water  Flying,440,60,50,100,95,70,65,3
282,Gardevoir,Psychic  Fairy,518,68,65,65,125,115,80,3
284,Masquerain,Bug  Flying,454,70,60,62,100,82,80,3
286,Breloom,Grass  Fighting,460,60,130,80,60,60,70,3
289,Slaking,Normal,670,150,160,100,95,65,100,3
291,Ninjask,Bug  Flying,456,61,90,45,50,50,160,3
292,Shedinja,Bug  Ghost,236,1,90,45,30,30,40,3
295,Exploud,Normal,490,104,91,63,91,73,68,3
297,Hariyama,Fighting,474,144,120,60,40,60,50,3
301,Delcatty,Normal,400,70,65,65,55,55,90,3
302,Sableye,Dark  Ghost,380,50,75,75,65,65,50,3
303,Mawile,Steel  Fairy,380,50,85,85,55,55,50,3
306,Aggron,Steel  Rock,530,70,110,180,60,60,50,3
308,Medicham,Fighting  Psychic,410,60,60,75,60,75,80,3
310,Manectric,Electric,475,70,75,60,105,60,105,3
311,Plusle,Electric,405,60,50,40,85,75,95,3
312,Minun,Electric,405,60,40,50,75,85,95,3
313,Volbeat,Bug,430,65,73,75,47,85,85,3
314,Illumise,Bug,430,65,47,75,73,85,85,3
317,Swalot,Poison,467,100,73,83,73,83,55,3
319,Sharpedo,Water  Dark,460,70,120,40,95,40,95,3
321,Wailord,Water,500,170,90,45,90,45,60,3
323,Camerupt,Fire  Ground,460,70,100,70,105,75,40,3
324,Torkoal,Fire,470,70,85,140,85,70,20,3
326,Grumpig,Psychic,470,80,45,65,90,110,80,3
327,Spinda,Normal,360,60,60,60,60,60,60,3
330,Flygon,Ground  Dragon,520,80,100,80,80,80,100,3
332,Cacturne,Grass  Dark,475,70,115,60,115,60,55,3
334,Altaria,Dragon  Flying,490,75,70,90,70,105,80,3
335,Zangoose,Normal,458,73,115,60,60,60,90,3
336,Seviper,Poison,458,73,100,60,100,60,65,3
337,Lunatone,Rock  Psychic,460,90,55,65,95,85,70,3
338,Solrock,Rock  Psychic,460,90,95,85,55,65,70,3
340,Whiscash,Water  Ground,468,110,78,73,76,71,60,3
342,Crawdaunt,Water  Dark,468,63,120,85,90,55,55,3
344,Claydol,Ground  Psychic,500,60,70,105,70,120,75,3
346,Cradily,Rock  Grass,495,86,81,97,81,107,43,3
348,Armaldo,Rock  Bug,495,75,125,100,70,80,45,3
350,Milotic,Water,540,95,60,79,100,125,81,3
351,Castform,Normal,420,70,70,70,70,70,70,3
352,Kecleon,Normal,440,60,90,70,60,120,40,3
354,Banette,Ghost,455,64,115,65,83,63,65,3
357,Tropius,Grass  Flying,460,99,68,83,72,87,51,3
358,Chimecho,Psychic,455,75,50,80,95,90,65,3
359,Absol,Dark,465,65,130,60,75,60,75,3
362,Glalie,Ice,480,80,80,80,80,80,80,3
365,Walrein,Ice  Water,530,110,80,90,95,90,65,3
367,Huntail,Water,485,55,104,105,94,75,52,3
368,Gorebyss,Water,485,55,84,105,114,75,52,3
369,Relicanth,Water  Rock,485,100,90,130,45,65,55,3
370,Luvdisc,Water,330,43,30,55,40,65,97,3
373,Salamence,Dragon  Flying,600,95,135,80,110,80,100,3
376,Metagross,Steel  Psychic,600,80,135,130,95,90,70,3
377,Regirock,Rock,580,80,100,200,50,100,50,3
378,Regice,Ice,580,80,50,100,100,200,50,3
379,Registeel,Steel,580,80,75,150,75,150,50,3
380,Latias,Dragon  Psychic,600,80,80,90,110,130,110,3
381,Latios,Dragon  Psychic,600,80,90,80,130,110,110,3
382,Kyogre,Water,670,100,100,90,150,140,90,3
383,Groudon,Ground,670,100,150,140,100,90,90,3
384,Rayquaza,Dragon  Flying,680,105,150,90,150,90,95,3
385,Jirachi,Steel  Psychic,600,100,100,100,100,100,100,3
386,Deoxys  Normal Forme,Psychic,600,50,150,50,150,50,150,3
386,Deoxys  Attack Forme,Psychic,600,50,180,20,180,20,150,3
386,Deoxys  Defense Forme,Psychic,600,50,70,160,70,160,90,3
386,Deoxys  Speed Forme,Psychic,600,50,95,90,95,90,180,3
389,Torterra,Grass  Ground,525,95,109,105,75,85,56,4
392,Infernape,Fire  Fighting,534,76,104,71,104,71,108,4
395,Empoleon,Water  Steel,530,84,86,88,111,101,60,4
398,Staraptor,Normal  Flying,485,85,120,70,50,60,100,4
400,Bibarel,Normal  Water,410,79,85,60,55,60,71,4
402,Kricketune,Bug,384,77,85,51,55,51,65,4
405,Luxray,Electric,523,80,120,79,95,79,70,4
407,Roserade,Grass  Poison,515,60,70,65,125,105,90,4
409,Rampardos,Rock,495,97,165,60,65,50,58,4
411,Bastiodon,Rock  Steel,495,60,52,168,47,138,30,4
413,Wormadam  Plant Cloak,Bug  Grass,424,60,59,85,79,105,36,4
413,Wormadam  Sandy Cloak,Bug  Ground,424,60,79,105,59,85,36,4
413,Wormadam  Trash Cloak,Bug  Steel,424,60,69,95,69,95,36,4
414,Mothim,Bug  Flying,424,70,94,50,94,50,66,4
416,Vespiquen,Bug  Flying,474,70,80,102,80,102,40,4
417,Pachirisu,Electric,405,60,45,70,45,90,95,4
419,Floatzel,Water,495,85,105,55,85,50,115,4
421,Cherrim,Grass,450,70,60,70,87,78,85,4
423,Gastrodon,Water  Ground,475,111,83,68,92,82,39,4
424,Ambipom,Normal,482,75,100,66,60,66,115,4
426,Drifblim,Ghost  Flying,498,150,80,44,90,54,80,4
428,Lopunny,Normal,480,65,76,84,54,96,105,4
429,Mismagius,Ghost,495,60,60,60,105,105,105,4
430,Honchkrow,Dark  Flying,505,100,125,52,105,52,71,4
432,Purugly,Normal,452,71,82,64,64,59,112,4
435,Skuntank,Poison  Dark,479,103,93,67,71,61,84,4
437,Bronzong,Steel  Psychic,500,67,89,116,79,116,33,4
441,Chatot,Normal  Flying,411,76,65,45,92,42,91,4
442,Spiritomb,Ghost  Dark,485,50,92,108,92,108,35,4
445,Garchomp,Dragon  Ground,600,108,130,95,80,85,102,4
448,Lucario,Fighting  Steel,525,70,110,70,115,70,90,4
450,Hippowdon,Ground,525,108,112,118,68,72,47,4
452,Drapion,Poison  Dark,500,70,90,110,60,75,95,4
454,Toxicroak,Poison  Fighting,490,83,106,65,86,65,85,4
455,Carnivine,Grass,454,74,100,72,90,72,46,4
457,Lumineon,Water,460,69,69,76,69,86,91,4
460,Abomasnow,Grass  Ice,494,90,92,75,92,85,60,4
461,Weavile,Dark  Ice,510,70,120,65,45,85,125,4
462,Magnezone,Electric  Steel,535,70,70,115,130,90,60,4
463,Lickilicky,Normal,515,110,85,95,80,95,50,4
464,Rhyperior,Ground  Rock,535,115,140,130,55,55,40,4
465,Tangrowth,Grass,535,100,100,125,110,50,50,4
466,Electivire,Electric,540,75,123,67,95,85,95,4
467,Magmortar,Fire,540,75,95,67,125,95,83,4
468,Togekiss,Fairy  Flying,545,85,50,95,120,115,80,4
469,Yanmega,Bug  Flying,515,86,76,86,116,56,95,4
470,Leafeon,Grass,525,65,110,130,60,65,95,4
471,Glaceon,Ice,525,65,60,110,130,95,65,4
472,Gliscor,Ground  Flying,510,75,95,125,45,75,95,4
473,Mamoswine,Ice  Ground,530,110,130,80,70,60,80,4
474,Porygon-Z,Normal,535,85,80,70,135,75,90,4
475,Gallade,Psychic  Fighting,518,68,125,65,65,115,80,4
476,Probopass,Rock  Steel,525,60,55,145,75,150,40,4
477,Dusknoir,Ghost,525,45,100,135,65,135,45,4
478,Froslass,Ice  Ghost,480,70,80,70,80,70,110,4
479,Rotom,Electric  Ghost,440,50,50,77,95,77,91,4
479,Rotom  Heat Rotom,Electric  Fire,520,50,65,107,105,107,86,4
479,Rotom  Wash Rotom,Electric  Water,520,50,65,107,105,107,86,4
479,Rotom  Frost Rotom,Electric  Ice,520,50,65,107,105,107,86,4
479,Rotom  Fan Rotom,Electric  Flying,520,50,65,107,105,107,86,4
479,Rotom  Mow Rotom,Electric  Grass,520,50,65,107,105,107,86,4
480,Uxie,Psychic,580,75,75,130,75,130,95,4
481,Mesprit,Psychic,580,80,105,105,105,105,80,4
482,Azelf,Psychic,580,75,125,70,125,70,115,4
483,Dialga,Steel  Dragon,680,100,120,120,150,100,90,4
483,Dialga  Origin Forme,Steel  Dragon,680,100,100,120,150,120,90,4
484,Palkia,Water  Dragon,680,90,120,100,150,120,100,4
484,Palkia  Origin Forme,Water  Dragon,680,90,100,100,150,120,120,4
485,Heatran,Fire  Steel,600,91,90,106,130,106,77,4
486,Regigigas,Normal,670,110,160,110,80,110,100,4
487,Giratina  Altered Forme,Ghost  Dragon,680,150,100,120,100,120,90,4
487,Giratina  Origin Forme,Ghost  Dragon,680,150,120,100,120,100,90,4
488,Cresselia,Psychic,580,120,70,110,75,120,85,4
489,Phione,Water,480,80,80,80,80,80,80,4
490,Manaphy,Water,600,100,100,100,100,100,100,4
491,Darkrai,Dark,600,70,90,90,135,90,125,4
492,Shaymin  Land Forme,Grass,600,100,100,100,100,100,100,4
492,Shaymin  Sky Forme,Grass  Flying,600,100,103,75,120,75,127,4
493,Arceus,Normal,720,120,120,120,120,120,120,4
494,Victini,Psychic  Fire,600,100,100,100,100,100,100,5
497,Serperior,Grass,528,75,75,95,75,95,113,5
500,Emboar,Fire  Fighting,528,110,123,65,100,65,65,5
503,Samurott,Water,528,95,100,85,108,70,70,5
503,Samurott  Hisuian Samurott,Water  Dark,528,90,108,80,100,65,85,5
505,Watchog,Normal,420,60,85,69,60,69,77,5
508,Stoutland,Normal,500,85,110,90,45,90,80,5
510,Liepard,Dark,446,64,88,50,88,50,106,5
512,Simisage,Grass,498,75,98,63,98,63,101,5
514,Simisear,Fire,498,75,98,63,98,63,101,5
516,Simipour,Water,498,75,98,63,98,63,101,5
518,Musharna,Psychic,487,116,55,85,107,95,29,5
521,Unfezant,Normal  Flying,488,80,115,80,65,55,93,5
523,Zebstrika,Electric,497,75,100,63,80,63,116,5
526,Gigalith,Rock,515,85,135,130,60,80,25,5
528,Swoobat,Psychic  Flying,425,67,57,55,77,55,114,5
530,Excadrill,Ground  Steel,508,110,135,60,50,65,88,5
531,Audino,Normal,445,103,60,86,60,86,50,5
534,Conkeldurr,Fighting,505,105,140,95,55,65,45,5
537,Seismitoad,Water  Ground,509,105,95,75,85,75,74,5
538,Throh,Fighting,465,120,100,85,30,85,45,5
539,Sawk,Fighting,465,75,125,75,30,75,85,5
542,Leavanny,Bug  Grass,500,75,103,80,70,80,92,5
545,Scolipede,Bug  Poison,485,60,100,89,55,69,112,5
547,Whimsicott,Grass  Fairy,480,60,67,85,77,75,116,5
549,Lilligant,Grass,480,70,60,75,110,75,90,5
549,Lilligant  Hisuian Lilligant,Grass  Fighting,480,70,105,75,50,75,105,5
550,Basculin  Red-Striped Form,Water,460,70,92,65,80,55,98,5
553,Krookodile,Ground  Dark,519,95,117,80,65,70,92,5
555,Darmanitan  Standard Mode,Fire,480,105,140,55,30,55,95,5
555,Darmanitan  Galarian Standard Mode,Ice,480,105,140,55,30,55,95,5
556,Maractus,Grass,461,75,86,67,106,67,60,5
558,Crustle,Bug  Rock,485,70,105,125,65,75,45,5
560,Scrafty,Dark  Fighting,488,65,90,115,45,115,58,5
561,Sigilyph,Psychic  Flying,490,72,58,80,103,80,97,5
563,Cofagrigus,Ghost,483,58,50,145,95,105,30,5
565,Carracosta,Water  Rock,495,74,108,133,83,65,32,5
567,Archeops,Rock  Flying,567,75,140,65,112,65,110,5
569,Garbodor,Poison,474,80,95,82,60,82,75,5
571,Zoroark,Dark,510,60,105,60,120,60,105,5
571,Zoroark  Hisuian Zoroark,Normal  Ghost,510,55,100,60,125,60,110,5
573,Cinccino,Normal,470,75,95,60,65,60,115,5
576,Gothitelle,Psychic,490,70,55,95,95,110,65,5
579,Reuniclus,Psychic,490,110,65,75,125,85,30,5
581,Swanna,Water  Flying,473,75,87,63,87,63,98,5
584,Vanilluxe,Ice,535,71,95,85,110,95,79,5
586,Sawsbuck,Normal  Grass,475,80,100,70,60,70,95,5
587,Emolga,Electric  Flying,428,55,75,60,75,60,103,5
589,Escavalier,Bug  Steel,495,70,135,105,60,105,20,5
591,Amoonguss,Grass  Poison,464,114,85,70,85,80,30,5
593,Jellicent,Water  Ghost,480,100,60,70,85,105,60,5
594,Alomomola,Water,470,165,75,80,40,45,65,5
596,Galvantula,Bug  Electric,472,70,77,60,97,60,108,5
598,Ferrothorn,Grass  Steel,489,74,94,131,54,116,20,5
601,Klinklang,Steel,520,60,100,115,70,85,90,5
604,Eelektross,Electric,515,85,115,80,105,80,50,5
606,Beheeyem,Psychic,485,75,75,75,125,95,40,5
609,Chandelure,Ghost  Fire,520,60,55,90,145,90,80,5
612,Haxorus,Dragon,540,76,147,90,60,70,97,5
614,Beartic,Ice,505,95,130,80,70,80,50,5
615,Cryogonal,Ice,515,80,50,50,95,135,105,5
617,Accelgor,Bug,495,80,70,40,100,60,145,5
618,Stunfisk,Ground  Electric,471,109,66,84,81,99,32,5
618,Stunfisk  Galarian Stunfisk,Ground  Steel,471,109,81,99,66,84,32,5
620,Mienshao,Fighting,510,65,125,60,95,60,105,5
621,Druddigon,Dragon,485,77,120,90,60,90,48,5
623,Golurk,Ground  Ghost,483,89,124,80,55,80,55,5
626,Bouffalant,Normal,490,95,110,95,40,95,55,5
628,Braviary,Normal  Flying,510,100,123,75,57,75,80,5
628,Braviary  Hisuian Braviary,Psychic  Flying,510,110,83,70,112,70,65,5
630,Mandibuzz,Dark  Flying,510,110,65,105,55,95,80,5
631,Heatmor,Fire,484,85,97,66,105,66,65,5
632,Durant,Bug  Steel,484,58,109,112,48,48,109,5
635,Hydreigon,Dark  Dragon,600,92,105,90,125,90,98,5
637,Volcarona,Bug  Fire,550,85,60,65,135,105,100,5
638,Cobalion,Steel  Fighting,580,91,90,129,90,72,108,5
639,Terrakion,Rock  Fighting,580,91,129,90,72,90,108,5
640,Virizion,Grass  Fighting,580,91,90,72,90,129,108,5
641,Tornadus  Incarnate Forme,Flying,580,79,115,70,125,80,111,5
641,Tornadus  Therian Forme,Flying,580,79,100,80,110,90,121,5
642,Thundurus  Incarnate Forme,Electric  Flying,580,79,115,70,125,80,111,5
642,Thundurus  Therian Forme,Electric  Flying,580,79,105,70,145,80,101,5
643,Reshiram,Dragon  Fire,680,100,120,100,150,120,90,5
644,Zekrom,Dragon  Electric,680,100,150,120,120,100,90,5
645,Landorus  Incarnate Forme,Ground  Flying,600,89,125,90,115,80,101,5
645,Landorus  Therian Forme,Ground  Flying,600,89,145,90,105,80,91,5
646,Kyurem,Dragon  Ice,660,125,130,90,130,90,95,5
646,Kyurem  White Kyurem,Dragon  Ice,700,125,120,90,170,100,95,5
646,Kyurem  Black Kyurem,Dragon  Ice,700,125,170,100,120,90,95,5
647,Keldeo  Ordinary Form,Water  Fighting,580,91,72,90,129,90,108,5
648,Meloetta  Aria Forme,Normal  Psychic,600,100,77,77,128,128,90,5
649,Genesect,Bug  Steel,600,71,120,95,120,95,99,5
652,Chesnaught,Grass  Fighting,530,88,107,122,74,75,64,6
655,Delphox,Fire  Psychic,534,75,69,72,114,100,104,6
658,Greninja,Water  Dark,530,72,95,67,103,71,122,6
660,Diggersby,Normal  Ground,423,85,56,77,50,77,78,6
663,Talonflame,Fire  Flying,499,78,81,71,74,69,126,6
666,Vivillon,Bug  Flying,411,80,52,50,90,50,89,6
668,Pyroar,Fire  Normal,507,86,68,72,109,66,106,6
670,Floette,Fairy,371,54,45,47,75,98,52,6
671,Florges,Fairy,552,78,65,68,112,154,75,6
673,Gogoat,Grass,531,123,100,62,97,81,68,6
675,Pangoro,Fighting  Dark,495,95,124,78,69,71,58,6
676,Furfrou,Normal,472,75,80,60,65,90,102,6
678,Meowstic  Male,Psychic,466,74,48,76,83,81,104,6
678,Meowstic  Female,Psychic,466,74,48,76,83,81,104,6
683,Aromatisse,Fairy,462,101,72,72,99,89,29,6
685,Slurpuff,Fairy,480,82,80,86,85,75,72,6
687,Malamar,Dark  Psychic,482,86,92,88,68,75,73,6
689,Barbaracle,Rock  Water,500,72,105,115,54,86,68,6
691,Dragalge,Poison  Dragon,494,65,75,90,97,123,44,6
693,Clawitzer,Water,500,71,73,88,120,89,59,6
695,Heliolisk,Electric  Normal,481,62,55,52,109,94,109,6
697,Tyrantrum,Rock  Dragon,521,82,121,119,69,59,71,6
699,Aurorus,Rock  Ice,521,123,77,72,99,92,58,6
700,Sylveon,Fairy,525,95,65,65,110,130,60,6
701,Hawlucha,Fighting  Flying,500,78,92,75,74,63,118,6
702,Dedenne,Electric  Fairy,431,67,58,57,81,67,101,6
703,Carbink,Rock  Fairy,500,50,50,150,50,150,50,6
706,Goodra,Dragon,600,90,100,70,110,150,80,6
706,Goodra  Hisuian Goodra,Steel  Dragon,600,80,100,100,110,150,60,6
707,Klefki,Steel  Fairy,470,57,80,91,80,87,75,6
709,Trevenant,Ghost  Grass,474,85,110,76,65,82,56,6
711,Gourgeist  Average Size,Ghost  Grass,494,65,90,122,58,75,84,6
711,Gourgeist  Small Size,Ghost  Grass,494,55,85,122,58,75,99,6
711,Gourgeist  Large Size,Ghost  Grass,494,75,95,122,58,75,69,6
711,Gourgeist  Super Size,Ghost  Grass,494,85,100,122,58,75,54,6
713,Avalugg,Ice,514,95,117,184,44,46,28,6
713,Avalugg  Hisuian Avalugg,Ice  Rock,514,95,127,184,34,36,38,6
715,Noivern,Flying  Dragon,535,85,70,80,97,80,123,6
716,Xerneas,Fairy,680,126,131,95,131,98,99,6
717,Yveltal,Dark  Flying,680,126,131,95,131,98,99,6
718,Zygarde  50% Forme,Dragon  Ground,600,108,100,121,81,95,95,6
718,Zygarde  10% Forme,Dragon  Ground,486,54,100,71,61,85,115,6
719,Diancie,Rock  Fairy,600,50,100,150,100,150,50,6
720,Hoopa  Hoopa Confined,Psychic  Ghost,600,80,110,60,150,130,70,6
720,Hoopa  Hoopa Unbound,Psychic  Dark,680,80,160,60,170,130,80,6
721,Volcanion,Fire  Water,600,80,110,120,130,90,70,6
724,Decidueye,Grass  Ghost,530,78,107,75,100,100,70,7
724,Decidueye  Hisuian Decidueye,Grass  Fighting,530,88,112,80,95,95,60,7
727,Incineroar,Fire  Dark,530,95,115,90,80,90,60,7
730,Primarina,Water  Fairy,530,80,74,74,126,116,60,7
733,Toucannon,Normal  Flying,485,80,120,75,75,75,60,7
735,Gumshoos,Normal,418,88,110,60,55,60,45,7
738,Vikavolt,Bug  Electric,500,77,70,90,145,75,43,7
740,Crabominable,Fighting  Ice,478,97,132,77,62,67,43,7
741,Oricorio  Baile Style,Fire  Flying,476,75,70,70,98,70,93,7
741,Oricorio  Pom-Pom Style,Electric  Flying,476,75,70,70,98,70,93,7
741,Oricorio  Pa'u Style,Psychic  Flying,476,75,70,70,98,70,93,7
741,Oricorio  Sensu Style,Ghost  Flying,476,75,70,70,98,70,93,7
743,Ribombee,Bug  Fairy,464,60,55,60,95,70,124,7
745,Lycanroc  Midday Form,Rock,487,75,115,65,55,65,112,7
745,Lycanroc  Midnight Form,Rock,487,85,115,75,55,75,82,7
745,Lycanroc  Dusk Form,Rock,487,75,117,65,55,65,110,7
748,Toxapex,Poison  Water,495,50,63,152,53,142,35,7
750,Mudsdale,Ground,500,100,125,100,55,85,35,7
752,Araquanid,Water  Bug,454,68,70,92,50,132,42,7
754,Lurantis,Grass,480,70,105,90,80,90,45,7
756,Shiinotic,Grass  Fairy,405,60,45,80,90,100,30,7
758,Salazzle,Poison  Fire,480,68,64,60,111,60,117,7
760,Bewear,Normal  Fighting,500,120,125,80,55,60,60,7
763,Tsareena,Grass,510,72,120,98,50,98,72,7
764,Comfey,Fairy,485,51,52,90,82,110,100,7
765,Oranguru,Normal  Psychic,490,90,60,80,90,110,60,7
766,Passimian,Fighting,490,100,120,90,40,60,80,7
768,Golisopod,Bug  Water,530,75,125,140,60,90,40,7
770,Palossand,Ghost  Ground,480,85,75,110,100,75,35,7
771,Pyukumuku,Water,410,55,60,130,30,130,5,7
773,Silvally,Normal,570,95,95,95,95,95,95,7
775,Komala,Normal,480,65,115,65,75,95,65,7
776,Turtonator,Fire  Dragon,485,60,78,135,91,85,36,7
777,Togedemaru,Electric  Steel,435,65,98,63,40,73,96,7
778,Mimikyu,Ghost  Fairy,476,55,90,80,50,105,96,7
779,Bruxish,Water  Psychic,475,68,105,70,70,70,92,7
780,Drampa,Normal  Dragon,485,78,60,85,135,91,36,7
781,Dhelmise,Ghost  Grass,517,70,131,100,86,90,40,7
784,Kommo-o,Dragon  Fighting,600,75,110,125,100,105,85,7
785,Tapu Koko,Electric  Fairy,570,70,115,85,95,75,130,7
786,Tapu Lele,Psychic  Fairy,570,70,85,75,130,115,95,7
787,Tapu Bulu,Grass  Fairy,570,70,130,115,85,95,75,7
788,Tapu Fini,Water  Fairy,570,70,75,115,95,130,85,7
791,Solgaleo,Psychic  Steel,680,137,137,107,113,89,97,7
792,Lunala,Psychic  Ghost,680,137,113,89,137,107,97,7
793,Nihilego,Rock  Poison,570,109,53,47,127,131,103,7
794,Buzzwole,Bug  Fighting,570,107,139,139,53,53,79,7
795,Pheromosa,Bug  Fighting,570,71,137,37,137,37,151,7
796,Xurkitree,Electric,570,83,89,71,173,71,83,7
797,Celesteela,Steel  Flying,570,97,101,103,107,101,61,7
798,Kartana,Grass  Steel,570,59,181,131,59,31,109,7
799,Guzzlord,Dark  Dragon,570,223,101,53,97,53,43,7
800,Necrozma,Psychic,600,97,107,101,127,89,79,7
800,Necrozma  Dusk Mane Necrozma,Psychic  Steel,680,97,157,127,113,109,77,7
800,Necrozma  Dawn Wings Necrozma,Psychic  Ghost,680,97,113,109,157,127,77,7
801,Magearna,Steel  Fairy,600,80,95,115,130,115,65,7
802,Marshadow,Fighting  Ghost,600,90,125,80,90,90,125,7
804,Naganadel,Poison  Dragon,540,73,73,73,127,73,121,7
805,Stakataka,Rock  Steel,570,61,131,211,53,101,13,7
806,Blacephalon,Fire  Ghost,570,53,127,53,151,79,107,7
807,Zeraora,Electric,600,88,112,75,102,80,143,7
809,Melmetal,Steel,600,135,143,143,80,65,34,7
812,Rillaboom,Grass,530,100,125,90,60,70,85,8
815,Cinderace,Fire,530,80,116,75,65,75,119,8
818,Inteleon,Water,530,70,85,65,125,65,120,8
820,Greedent,Normal,460,120,95,95,55,75,20,8
823,Corviknight,Flying  Steel,495,98,87,105,53,85,67,8
826,Orbeetle,Bug  Psychic,505,60,45,110,80,120,90,8
828,Thievul,Dark,455,70,58,58,87,92,90,8
830,Eldegoss,Grass,460,60,50,90,80,120,60,8
832,Dubwool,Normal,490,72,80,100,60,90,88,8
834,Drednaw,Water  Rock,485,90,115,90,48,68,74,8
836,Boltund,Electric,490,69,90,60,90,60,121,8
839,Coalossal,Rock  Fire,510,110,80,120,80,90,30,8
841,Flapple,Grass  Dragon,485,70,110,80,95,60,70,8
842,Appletun,Grass  Dragon,485,110,85,80,100,80,30,8
844,Sandaconda,Ground,510,72,107,125,65,70,71,8
845,Cramorant,Flying  Water,475,70,85,55,85,95,85,8
847,Barraskewda,Water,490,61,123,60,60,50,136,8
849,Toxtricity  Amped Form,Electric  Poison,502,75,98,70,114,70,75,8
851,Centiskorch,Fire  Bug,525,100,115,65,90,90,65,8
853,Grapploct,Fighting,480,80,118,90,70,80,42,8
855,Polteageist,Ghost,508,60,65,65,134,114,70,8
858,Hatterene,Psychic  Fairy,510,57,90,95,136,103,29,8
861,Grimmsnarl,Dark  Fairy,510,95,120,65,95,75,60,8
862,Obstagoon,Dark  Normal,520,93,90,101,60,81,95,8
863,Perrserker,Steel,440,70,110,100,50,60,50,8
864,Cursola,Ghost,510,60,95,50,145,130,30,8
865,Sirfetch'd,Fighting,507,62,135,95,68,82,65,8
866,Mr. Rime,Ice  Psychic,520,80,85,75,110,100,70,8
867,Runerigus,Ground  Ghost,483,58,95,145,50,105,30,8
869,Alcremie,Fairy,495,65,60,75,110,121,64,8
870,Falinks,Fighting,470,65,100,100,70,60,75,8
871,Pincurchin,Electric,435,48,101,95,91,85,15,8
873,Frosmoth,Ice  Bug,475,70,65,60,125,90,65,8
874,Stonjourner,Rock,470,100,125,135,20,20,70,8
876,Indeedee  Male,Psychic  Normal,475,60,65,55,105,95,95,8
876,Indeedee  Female,Psychic  Normal,475,70,55,65,95,105,85,8
879,Copperajah,Steel,500,122,130,69,80,69,30,8
880,Dracozolt,Electric  Dragon,505,90,100,90,80,70,75,8
881,Arctozolt,Electric  Ice,505,90,100,90,90,80,55,8
882,Dracovish,Water  Dragon,505,90,90,100,70,80,75,8
883,Arctovish,Water  Ice,505,90,90,100,80,90,55,8
887,Dragapult,Dragon  Ghost,600,88,120,75,100,75,142,8
888,Zacian  Hero of Many Battles,Fairy,660,92,120,115,80,115,138,8
888,Zacian  Crowned Sword,Fairy  Steel,700,92,150,115,80,115,148,8
889,Zamazenta  Hero of Many Battles,Fighting,660,92,120,115,80,115,138,8
889,Zamazenta  Crowned Shield,Fighting  Steel,700,92,120,140,80,140,128,8
890,Eternatus,Poison  Dragon,690,140,85,95,145,95,130,8
892,Urshifu  Single Strike Style,Fighting  Dark,550,100,130,100,63,60,97,8
892,Urshifu  Rapid Strike Style,Fighting  Water,550,100,130,100,63,60,97,8
893,Zarude,Dark  Grass,600,105,120,105,70,95,105,8
894,Regieleki,Electric,580,80,100,50,100,50,200,8
895,Regidrago,Dragon,580,200,100,50,100,50,80,8
896,Glastrier,Ice,580,100,145,130,65,110,30,8
897,Spectrier,Ghost,580,100,65,60,145,80,130,8
898,Calyrex,Psychic  Grass,500,100,80,80,80,80,80,8
898,Calyrex  Ice Rider,Psychic  Ice,680,100,165,150,85,130,50,8
898,Calyrex  Shadow Rider,Psychic  Ghost,680,100,85,80,165,100,150,8
899,Wyrdeer,Normal  Psychic,525,103,105,72,105,75,65,8
900,Kleavor,Bug  Rock,500,70,135,95,45,70,85,8
901,Ursaluna,Ground  Normal,550,130,140,105,45,80,50,8
901,Ursaluna  Bloodmoon,Ground  Normal,555,113,70,120,135,65,52,8
902,Basculegion  Male,Water  Ghost,530,120,112,65,80,75,78,8
902,Basculegion  Female,Water  Ghost,530,120,92,65,100,75,78,8
903,Sneasler,Fighting  Poison,510,80,130,60,40,80,120,8
904,Overqwil,Dark  Poison,510,85,115,95,65,65,85,8
905,Enamorus  Incarnate Forme,Fairy  Flying,580,74,115,70,135,80,106,8
905,Enamorus  Therian Forme,Fairy  Flying,580,74,115,110,135,100,46,8
908,Meowscarada,Grass  Dark,530,76,110,70,81,70,123,9
911,Skeledirge,Fire  Ghost,530,104,75,100,110,75,66,9
914,Quaquaval,Water  Fighting,530,85,120,80,85,75,85,9
916,Oinkologne  Male,Normal,489,110,100,75,59,80,65,9
916,Oinkologne  Female,Normal,489,115,90,70,59,90,65,9
918,Spidops,Bug,404,60,79,92,52,86,35,9
920,Lokix,Bug  Dark,450,71,102,78,52,55,92,9
923,Pawmot,Electric  Fighting,490,70,115,70,70,60,105,9
925,Maushold  Family of Three,Normal,470,74,75,70,65,75,111,9
927,Dachsbun,Fairy,477,57,80,115,50,80,95,9
930,Arboliva,Grass  Normal,510,78,69,90,125,109,39,9
931,Squawkabilly  Green Plumage,Normal  Flying,417,82,96,51,45,51,92,9
934,Garganacl,Rock,500,100,100,130,45,90,35,9
936,Armarouge,Fire  Psychic,525,85,60,100,125,80,75,9
937,Ceruledge,Fire  Ghost,525,75,125,80,60,100,85,9
939,Bellibolt,Electric,495,109,64,91,103,83,45,9
941,Kilowattrel,Electric  Flying,490,70,70,60,105,60,125,9
943,Mabosstiff,Dark,505,80,120,90,60,70,85,9
945,Grafaiai,Poison  Normal,485,63,95,65,80,72,110,9
947,Brambleghast,Grass  Ghost,480,55,115,70,80,70,90,9
949,Toedscruel,Ground  Grass,515,80,70,65,80,120,100,9
950,Klawf,Rock,450,70,100,115,35,55,75,9
952,Scovillain,Grass  Fire,486,65,108,65,108,65,75,9
954,Rabsca,Bug  Psychic,470,75,50,85,115,100,45,9
956,Espathra,Psychic,481,95,60,60,101,60,105,9
959,Tinkaton,Fairy  Steel,506,85,75,77,70,105,94,9
961,Wugtrio,Water,425,35,100,50,50,70,120,9
962,Bombirdier,Flying  Dark,485,70,103,85,60,85,82,9
966,Revavroom,Steel  Poison,500,80,119,90,54,67,90,9
967,Cyclizar,Dragon  Normal,501,70,95,65,85,65,121,9
968,Orthworm,Steel,480,70,85,145,60,55,65,9
970,Glimmora,Rock  Poison,525,83,55,90,130,81,86,9
972,Houndstone,Ghost,488,72,101,100,50,97,68,9
973,Flamigo,Flying  Fighting,500,82,115,74,75,64,90,9
975,Cetitan,Ice,521,170,113,65,45,55,73,9
976,Veluza,Water  Psychic,478,90,102,73,78,65,70,9
977,Dondozo,Water,530,150,100,115,65,65,35,9
978,Tatsugiri  Curly Form,Dragon  Water,475,68,50,60,120,95,82,9
979,Annihilape,Fighting  Ghost,535,110,115,80,50,90,90,9
980,Clodsire,Poison  Ground,430,130,75,60,45,100,20,9
981,Farigiraf,Normal  Psychic,520,120,90,70,110,70,60,9
982,Dudunsparce  Two-Segment Form,Normal,520,125,100,80,85,75,55,9
983,Kingambit,Dark  Steel,550,100,135,120,60,85,50,9
984,Great Tusk,Ground  Fighting,570,115,131,131,53,53,87,9
985,Scream Tail,Fairy  Psychic,570,115,65,99,65,115,111,9
986,Brute Bonnet,Grass  Dark,570,111,127,99,79,99,55,9
987,Flutter Mane,Ghost  Fairy,570,55,55,55,135,135,135,9
988,Slither Wing,Bug  Fighting,570,85,135,79,85,105,81,9
989,Sandy Shocks,Electric  Ground,570,85,81,97,121,85,101,9
990,Iron Treads,Ground  Steel,570,90,112,120,72,70,106,9
991,Iron Bundle,Ice  Water,570,56,80,114,124,60,136,9
992,Iron Hands,Fighting  Electric,570,154,140,108,50,68,50,9
993,Iron Jugulis,Dark  Flying,570,94,80,86,122,80,108,9
994,Iron Moth,Fire  Poison,570,80,70,60,140,110,110,9
995,Iron Thorns,Rock  Electric,570,100,134,110,70,84,72,9
998,Baxcalibur,Dragon  Ice,600,115,145,92,75,86,87,9
1000,Gholdengo,Steel  Ghost,550,87,60,95,133,91,84,9
1001,Wo-Chien,Dark  Grass,570,85,85,100,95,135,70,9
1002,Chien-Pao,Dark  Ice,570,80,120,80,90,65,135,9
1003,Ting-Lu,Dark  Ground,570,155,110,125,55,80,45,9
1004,Chi-Yu,Dark  Fire,570,55,80,80,135,120,100,9
1005,Roaring Moon,Dragon  Dark,590,105,139,71,55,101,119,9
1006,Iron Valiant,Fairy  Fighting,590,74,130,90,120,60,116,9
1007,Koraidon,Fighting  Dragon,670,100,135,115,85,100,135,9
1008,Miraidon,Electric  Dragon,670,100,85,100,135,115,135,9
1009,Walking Wake,Water  Dragon,590,99,83,91,125,83,109,9
1010,Iron Leaves,Grass  Psychic,590,90,130,88,70,108,104,9
1013,Sinistcha,Grass  Ghost,508,71,60,106,121,80,70,9
1014,Okidogi,Poison  Fighting,555,88,128,115,58,86,80,9
1015,Munkidori,Poison  Psychic,555,88,75,66,130,90,106,9
1016,Fezandipiti,Poison  Fairy,555,88,91,82,70,125,99,9
1017,Ogerpon  Teal Mask,Grass,550,80,120,84,60,96,110,9
1017,Ogerpon  Wellspring Mask,Grass  Water,550,80,120,84,60,96,110,9
1017,Ogerpon  Hearthflame Mask,Grass  Fire,550,80,120,84,60,96,110,9
1017,Ogerpon  Cornerstone Mask,Grass  Rock,550,80,120,84,60,96,110,9
1018,Archaludon,Steel  Dragon,600,90,105,130,125,65,85,9
1019,Hydrapple,Grass  Dragon,540,106,80,110,120,80,44,9
1020,Gouging Fire,Fire  Dragon,590,105,115,121,65,93,91,9
1021,Raging Bolt,Electric  Dragon,590,125,73,91,137,89,75,9
1022,Iron Boulder,Rock  Psychic,590,90,120,80,68,108,124,9
1023,Iron Crown,Steel  Psychic,590,90,72,100,122,108,98,9
1024,Terapagos  Terastal Form,Normal,600,95,95,110,105,110,85,9
1025,Pecharunt,Poison  Ghost,600,88,88,160,88,88,88,9
